<?xml version="1.0" encoding="UTF-8"?>
<jcr:root xmlns:sling="http://sling.apache.org/jcr/sling/1.0" xmlns:cq="http://www.day.com/jcr/cq/1.0" xmlns:jcr="http://www.jcp.org/jcr/1.0" xmlns:nt="http://www.jcp.org/jcr/nt/1.0"
    jcr:primaryType="nt:unstructured"
    jcr:title="Login"
    sling:resourceType="cq/gui/components/authoring/dialog">
    <content
        jcr:primaryType="nt:unstructured"
        sling:resourceType="granite/ui/components/foundation/container">
        <layout
            jcr:primaryType="nt:unstructured"
            sling:resourceType="granite/ui/components/coral/foundation/tabs"
            maximize="{Boolean}true"/>
        <items jcr:primaryType="nt:unstructured">
            <Basic
                jcr:primaryType="nt:unstructured"
                jcr:title="Multifield"
                sling:resourceType="granite/ui/components/coral/foundation/fixedcolumns"
                margin="{Boolean}false">
                <items jcr:primaryType="nt:unstructured">
                    <column
                        jcr:primaryType="nt:unstructured"
                        sling:resourceType="granite/ui/components/foundation/container"
                        composite="{Boolean}true">
                        <items jcr:primaryType="nt:unstructured">
                            <multifieldcollection
                                jcr:primaryType="nt:unstructured"
                                sling:resourceType="granite/ui/components/foundation/form/multifield"
                                composite="{Boolean}true"
                                fieldDescription="Click + to add a new page"
                                fieldLabel="Multifield collection"
                                name="./multiCol">
                                <field
                                    jcr:primaryType="nt:unstructured"
                                    jcr:title="Multifield"
                                    sling:resourceType="granite/ui/components/foundation/form/fieldset"
                                    acs-commons-nested="JSON_STORE"
                                    name="./links">
                                    <layout
                                        jcr:primaryType="nt:unstructured"
                                        sling:resourceType="granite/ui/components/foundation/layouts/fixedcolumns"
                                        method="absolute"/>
                                    <items jcr:primaryType="nt:unstructured">
                                        <column
                                            jcr:primaryType="nt:unstructured"
                                            sling:resourceType="granite/ui/components/foundation/container">
                                            <items jcr:primaryType="nt:unstructured">
                                                <text
                                                    jcr:primaryType="nt:unstructured"
                                                    sling:resourceType="granite/ui/components/foundation/form/textfield"
                                                    fieldDescription="Link name"
                                                    fieldLabel="Text"
                                                    name="./linktext"/>
                                                <url
                                                    jcr:primaryType="nt:unstructured"
                                                    sling:resourceType="granite/ui/components/foundation/form/pathbrowser"
                                                    fieldDescription="Enter link"
                                                    fieldLabel="Url"
                                                    name="./link"
                                                    rootpath="/content/"/>
                                            </items>
                                        </column>
                                    </items>
                                </field>
                            </multifieldcollection>
                        </items>
                    </column>
                </items>
            </Basic>
            <title
                jcr:primaryType="nt:unstructured"
                jcr:title="Login Title"
                sling:resourceType="granite/ui/components/foundation/form/textfield"
                fieldDescription="Title of button"
                fieldLabel="Title"
                name="./logintitle"/>
        </items>
    </content>
</jcr:root>
